{
  "labels_path": "data/labels/teacher_labels_final.parquet",
  "model_name": "allenai/scibert_scivocab_uncased",
  "num_train": 164717,
  "num_validation": 20590,
  "num_test": 20590,
  "test_metrics": {
    "eval_loss": 1.051408290863037,
    "eval_accuracy": 0.7745507527926178,
    "eval_macro_f1": 0.5738708500039047,
    "eval_weighted_f1": 0.7751084813774739,
    "eval_runtime": 349.571,
    "eval_samples_per_second": 58.901,
    "eval_steps_per_second": 7.363,
    "epoch": 3.0
  },
  "classification_report": {
    "Background": {
      "precision": 0.84,
      "recall": 0.8084215710416154,
      "f1-score": 0.8239083152082984,
      "support": 12183.0
    },
    "Method": {
      "precision": 0.736292773153653,
      "recall": 0.7861475525461983,
      "f1-score": 0.7604038750170555,
      "support": 7089.0
    },
    "Result/Comparison": {
      "precision": 0.37817258883248733,
      "recall": 0.37531486146095716,
      "f1-score": 0.37673830594184576,
      "support": 794.0
    },
    "Support": {
      "precision": 0.3793103448275862,
      "recall": 0.3793103448275862,
      "f1-score": 0.3793103448275862,
      "support": 232.0
    },
    "Contrast/Criticism": {
      "precision": 0.6764705882352942,
      "recall": 0.5897435897435898,
      "f1-score": 0.6301369863013698,
      "support": 39.0
    },
    "Perfunctory/Ceremonial": {
      "precision": 0.4834710743801653,
      "recall": 0.4624505928853755,
      "f1-score": 0.4727272727272727,
      "support": 253.0
    },
    "accuracy": 0.7745507527926178,
    "macro avg": {
      "precision": 0.5822862282381978,
      "recall": 0.5668980854175537,
      "f1-score": 0.5738708500039047,
      "support": 20590.0
    },
    "weighted avg": {
      "precision": 0.7766036444477221,
      "recall": 0.7745507527926178,
      "f1-score": 0.7751084813774739,
      "support": 20590.0
    }
  },
  "confusion_matrix": [
    [
      9849,
      1764,
      359,
      105,
      10,
      96
    ],
    [
      1333,
      5573,
      127,
      28,
      0,
      28
    ],
    [
      333,
      154,
      298,
      8,
      1,
      0
    ],
    [
      111,
      30,
      2,
      88,
      0,
      1
    ],
    [
      8,
      4,
      2,
      2,
      23,
      0
    ],
    [
      91,
      44,
      0,
      1,
      0,
      117
    ]
  ]
}