nodes,edges,connected_components,giant_component_nodes,giant_component_fraction,sampled_average_shortest_path,strategy,seed,removed_edges,top_k_communities
500000,4865461,1,500000,1.0,3.8142033784067566,baseline,,0,5
500000,4461739,29329,470566,0.941132,3.9186255485427095,cci_top_community_internal_edges,,404625,5
500000,4460836,187,499810,0.99962,3.8679483687768728,random_matched_edges,11.0,404625,5
500000,4460836,220,499778,0.999556,3.8943821444364186,random_matched_edges,23.0,404625,5
500000,4460836,225,499771,0.999542,3.9340909318286412,random_matched_edges,37.0,404625,5
500000,4460836,194,499802,0.999604,3.8812286665092706,random_matched_edges,42.0,404625,5
500000,4460836,209,499790,0.99958,3.916214017315307,random_matched_edges,101.0,404625,5
