{
  "timestamp": "2025-10-20T21:23:33.423955",
  "nodes": 285734,
  "edges": 295818,
  "density": 3.6232831520406224e-06,
  "reciprocity": 3.3804569025549495e-05,
  "avg_in_deg": 1.0352915648820231,
  "avg_out_deg": 1.0352915648820231
}