{
  "timestamp": "2026-04-12T18:46:27.757949",
  "nodes": 90751,
  "edges": 603124,
  "density": 7.323329208888197e-05,
  "reciprocity": 0.005159801301224955,
  "avg_in_deg": 6.645921257066038,
  "avg_out_deg": 6.645921257066038
}