reference_seed,seed,spearman_with_reference,top5_overlap_with_reference,top10_overlap_with_reference,top25_overlap_with_reference
42,11,0.3828689370485036,0.2,0.7,1.0
42,23,-0.2280701754385965,0.0,0.4,1.0
42,37,-0.16821465428276572,0.2,0.5,1.0
42,42,1.0,1.0,1.0,1.0
42,101,-0.413828689370485,0.0,0.4,1.0
