seed,community_count,top_community_id,top_cci_score
11,19,15,0.8722774163250796
23,19,15,1.0230302148701482
37,20,19,1.1017591445652468
42,18,10,1.0117388732926251
101,18,3,1.5112848625638369
